,,Healthy,Healthy,Healthy,Stroke,Stroke,Stroke
,accuracy,precision,recall,f1-score,precision,recall,f1-score
Model Multi-Layer Perceptron,0.8868894601542416,0.9180509413067552,0.8502564102564103,0.8828541001064963,0.8598848368522073,0.9237113402061856,0.8906560636182903
Model K-Nearest Neighbors,0.8987146529562982,0.964200477326969,0.8287179487179487,0.8913403199117484,0.8491418247515808,0.9690721649484536,0.9051516610495908
