,,Healthy,Healthy,Healthy,Stroke,Stroke,Stroke
,accuracy,precision,recall,f1-score,precision,recall,f1-score
Model K-Nearest Neighbors,0.8987146529562982,0.964200477326969,0.8287179487179487,0.8913403199117484,0.8491418247515808,0.9690721649484536,0.9051516610495908
Model Decision Tree,0.8874035989717224,0.9012738853503185,0.8707692307692307,0.8857589984350548,0.8743768693918246,0.9041237113402062,0.8890015205271161
