,,Healthy,Healthy,Healthy,Stroke,Stroke,Stroke
,accuracy,precision,recall,f1-score,precision,recall,f1-score
Model K-Nearest Neighbors,0.8987146529562982,0.964200477326969,0.8287179487179487,0.8913403199117484,0.8491418247515808,0.9690721649484536,0.9051516610495908
Model Decision Tree,0.8863753213367609,0.899364406779661,0.8707692307692307,0.8848358520062533,0.8741258741258742,0.9020618556701031,0.8878741755454086
