,,Healthy,Healthy,Healthy,Stroke,Stroke,Stroke
,accuracy,precision,recall,f1-score,precision,recall,f1-score
Model K-Nearest Neighbors,0.8987146529562982,0.964200477326969,0.8287179487179487,0.8913403199117484,0.8491418247515808,0.9690721649484536,0.9051516610495908
Model Decision Tree,0.8858611825192803,0.9026737967914439,0.8656410256410256,0.8837696335078535,0.8702970297029703,0.9061855670103093,0.8878787878787879
